[
    {
        "objective": "regression",
        "metric": "rmse",
        "feature_pre_filter": false,
        "lambda_l1": 3.797217790928694e-05,
        "lambda_l2": 0.002583120123396681,
        "num_leaves": 31,
        "feature_fraction": 0.8,
        "bagging_fraction": 1.0,
        "bagging_freq": 0,
        "min_child_samples": 5,
        "num_iterations": 10,
        "early_stopping_round": null
    },
    {
        "objective": "regression",
        "metric": "rmse",
        "feature_pre_filter": false,
        "lambda_l1": 0.000442046407517486,
        "lambda_l2": 9.0565177014811,
        "num_leaves": 7,
        "feature_fraction": 0.6,
        "bagging_fraction": 1.0,
        "bagging_freq": 0,
        "min_child_samples": 20,
        "num_iterations": 10,
        "early_stopping_round": null
    },
    {
        "objective": "regression",
        "metric": "rmse",
        "feature_pre_filter": false,
        "lambda_l1": 0.00019583338921021022,
        "lambda_l2": 0.15243765614866248,
        "num_leaves": 20,
        "feature_fraction": 0.6839999999999999,
        "bagging_fraction": 0.5051611285132594,
        "bagging_freq": 3,
        "min_child_samples": 100,
        "num_iterations": 10,
        "early_stopping_round": null
    },
    {
        "objective": "regression",
        "metric": "rmse",
        "feature_pre_filter": false,
        "lambda_l1": 0.0021929666912525684,
        "lambda_l2": 8.617600706980063,
        "num_leaves": 7,
        "feature_fraction": 0.4,
        "bagging_fraction": 0.6440103229891206,
        "bagging_freq": 6,
        "min_child_samples": 50,
        "num_iterations": 10,
        "early_stopping_round": null
    },
    {
        "objective": "regression",
        "metric": "rmse",
        "feature_pre_filter": false,
        "lambda_l1": 2.6474702206181244,
        "lambda_l2": 2.1722192541733272e-05,
        "num_leaves": 2,
        "feature_fraction": 0.58,
        "bagging_fraction": 0.5814272921640482,
        "bagging_freq": 2,
        "min_child_samples": 20,
        "num_iterations": 10,
        "early_stopping_round": null
    },
    {
        "objective": "regression",
        "metric": "rmse",
        "feature_pre_filter": false,
        "lambda_l1": 0.0,
        "lambda_l2": 0.0,
        "num_leaves": 14,
        "feature_fraction": 0.6839999999999999,
        "bagging_fraction": 1.0,
        "bagging_freq": 0,
        "min_child_samples": 20,
        "num_iterations": 10,
        "early_stopping_round": null
    },
    {
        "objective": "regression",
        "metric": "rmse",
        "feature_pre_filter": false,
        "lambda_l1": 0.0798581870683424,
        "lambda_l2": 0.0001340932802358601,
        "num_leaves": 24,
        "feature_fraction": 0.516,
        "bagging_fraction": 1.0,
        "bagging_freq": 0,
        "min_child_samples": 5,
        "num_iterations": 10,
        "early_stopping_round": null
    },
    {
        "objective": "regression",
        "metric": "rmse",
        "feature_pre_filter": false,
        "lambda_l1": 0.2731331939615086,
        "lambda_l2": 0.011688362123987241,
        "num_leaves": 29,
        "feature_fraction": 0.5,
        "bagging_fraction": 1.0,
        "bagging_freq": 0,
        "min_child_samples": 50,
        "num_iterations": 10,
        "early_stopping_round": null
    },
    {
        "objective": "regression",
        "metric": "rmse",
        "feature_pre_filter": false,
        "lambda_l1": 0.0,
        "lambda_l2": 0.0,
        "num_leaves": 4,
        "feature_fraction": 0.852,
        "bagging_fraction": 0.9869556086570934,
        "bagging_freq": 7,
        "min_child_samples": 20,
        "num_iterations": 10,
        "early_stopping_round": null
    },
    {
        "objective": "regression",
        "metric": "rmse",
        "feature_pre_filter": false,
        "lambda_l1": 0.018180556270011233,
        "lambda_l2": 1.5411140672581016e-08,
        "num_leaves": 108,
        "feature_fraction": 0.7,
        "bagging_fraction": 1.0,
        "bagging_freq": 0,
        "min_child_samples": 20,
        "num_iterations": 10,
        "early_stopping_round": null
    },
    {
        "objective": "regression",
        "metric": "rmse",
        "feature_pre_filter": false,
        "lambda_l1": 1.0116919893853383e-07,
        "lambda_l2": 0.0029501321058913203,
        "num_leaves": 32,
        "feature_fraction": 1.0,
        "bagging_fraction": 1.0,
        "bagging_freq": 0,
        "min_child_samples": 20,
        "num_iterations": 10,
        "early_stopping_round": null
    },
    {
        "objective": "regression",
        "metric": "rmse",
        "feature_pre_filter": false,
        "lambda_l1": 1.028185669351178,
        "lambda_l2": 0.3177579106201524,
        "num_leaves": 6,
        "feature_fraction": 0.6839999999999999,
        "bagging_fraction": 0.7329177391359034,
        "bagging_freq": 4,
        "min_child_samples": 20,
        "num_iterations": 10,
        "early_stopping_round": null
    },
    {
        "objective": "regression",
        "metric": "rmse",
        "feature_pre_filter": false,
        "lambda_l1": 7.899833446899423e-06,
        "lambda_l2": 0.46738110862663346,
        "num_leaves": 23,
        "feature_fraction": 0.6,
        "bagging_fraction": 1.0,
        "bagging_freq": 0,
        "min_child_samples": 20,
        "num_iterations": 10,
        "early_stopping_round": null
    },
    {
        "objective": "regression",
        "metric": "rmse",
        "feature_pre_filter": false,
        "lambda_l1": 0.00013258555998271507,
        "lambda_l2": 0.4026259460885732,
        "num_leaves": 15,
        "feature_fraction": 0.5479999999999999,
        "bagging_fraction": 1.0,
        "bagging_freq": 0,
        "min_child_samples": 50,
        "num_iterations": 10,
        "early_stopping_round": null
    },
    {
        "objective": "regression",
        "metric": "rmse",
        "feature_pre_filter": false,
        "lambda_l1": 0.0,
        "lambda_l2": 0.0,
        "num_leaves": 2,
        "feature_fraction": 1.0,
        "bagging_fraction": 0.8052301862021657,
        "bagging_freq": 6,
        "min_child_samples": 20,
        "num_iterations": 10,
        "early_stopping_round": null
    }
]