[
    {
        "objective": "regression",
        "metric": "rmse",
        "feature_pre_filter": false,
        "lambda_l1": 0.6125834906297444,
        "lambda_l2": 1.1621098454932421,
        "num_leaves": 3,
        "feature_fraction": 0.5,
        "bagging_fraction": 0.9058610344356698,
        "bagging_freq": 1,
        "min_child_samples": 20,
        "num_iterations": 10,
        "early_stopping_round": null
    },
    {
        "objective": "regression",
        "metric": "rmse",
        "feature_pre_filter": false,
        "lambda_l1": 1.872913041121793e-08,
        "lambda_l2": 0.5090026278784276,
        "num_leaves": 6,
        "feature_fraction": 0.552,
        "bagging_fraction": 0.49458067306010856,
        "bagging_freq": 5,
        "min_child_samples": 25,
        "num_iterations": 10,
        "early_stopping_round": null
    },
    {
        "objective": "regression",
        "metric": "rmse",
        "feature_pre_filter": false,
        "lambda_l1": 1.2572528111299542e-07,
        "lambda_l2": 0.39879626592234707,
        "num_leaves": 10,
        "feature_fraction": 0.484,
        "bagging_fraction": 0.8945278151143095,
        "bagging_freq": 7,
        "min_child_samples": 25,
        "num_iterations": 10,
        "early_stopping_round": null
    },
    {
        "objective": "regression",
        "metric": "rmse",
        "feature_pre_filter": false,
        "lambda_l1": 0.0,
        "lambda_l2": 0.0,
        "num_leaves": 2,
        "feature_fraction": 0.58,
        "bagging_fraction": 0.5145043060724463,
        "bagging_freq": 4,
        "min_child_samples": 20,
        "num_iterations": 10,
        "early_stopping_round": null
    },
    {
        "objective": "regression",
        "metric": "rmse",
        "feature_pre_filter": false,
        "lambda_l1": 0.2090457108875696,
        "lambda_l2": 1.3968544861590888e-05,
        "num_leaves": 15,
        "feature_fraction": 0.6839999999999999,
        "bagging_fraction": 1.0,
        "bagging_freq": 0,
        "min_child_samples": 10,
        "num_iterations": 10,
        "early_stopping_round": null
    },
    {
        "objective": "regression",
        "metric": "rmse",
        "feature_pre_filter": false,
        "lambda_l1": 0.0004018210935344345,
        "lambda_l2": 0.022606908003349555,
        "num_leaves": 31,
        "feature_fraction": 0.7,
        "bagging_fraction": 1.0,
        "bagging_freq": 0,
        "min_child_samples": 20,
        "num_iterations": 10,
        "early_stopping_round": null
    },
    {
        "objective": "regression",
        "metric": "rmse",
        "feature_pre_filter": false,
        "lambda_l1": 0.0,
        "lambda_l2": 0.0,
        "num_leaves": 12,
        "feature_fraction": 0.716,
        "bagging_fraction": 0.6877312601263597,
        "bagging_freq": 5,
        "min_child_samples": 20,
        "num_iterations": 10,
        "early_stopping_round": null
    },
    {
        "objective": "regression",
        "metric": "rmse",
        "feature_pre_filter": false,
        "lambda_l1": 5.992664127289368e-07,
        "lambda_l2": 7.485918842331648,
        "num_leaves": 3,
        "feature_fraction": 0.88,
        "bagging_fraction": 0.963302221735096,
        "bagging_freq": 5,
        "min_child_samples": 100,
        "num_iterations": 10,
        "early_stopping_round": null
    },
    {
        "objective": "regression",
        "metric": "rmse",
        "feature_pre_filter": false,
        "lambda_l1": 0.04390324310385685,
        "lambda_l2": 0.2130333916191601,
        "num_leaves": 3,
        "feature_fraction": 0.42,
        "bagging_fraction": 0.43252816190873883,
        "bagging_freq": 3,
        "min_child_samples": 20,
        "num_iterations": 10,
        "early_stopping_round": null
    },
    {
        "objective": "regression",
        "metric": "rmse",
        "feature_pre_filter": false,
        "lambda_l1": 2.4815262821932014e-07,
        "lambda_l2": 0.06382468568173227,
        "num_leaves": 31,
        "feature_fraction": 0.8839999999999999,
        "bagging_fraction": 1.0,
        "bagging_freq": 0,
        "min_child_samples": 50,
        "num_iterations": 10,
        "early_stopping_round": null
    },
    {
        "objective": "regression",
        "metric": "rmse",
        "feature_pre_filter": false,
        "lambda_l1": 0.00015958311111980575,
        "lambda_l2": 7.696520664909272e-07,
        "num_leaves": 31,
        "feature_fraction": 0.7,
        "bagging_fraction": 0.8885815045004324,
        "bagging_freq": 2,
        "min_child_samples": 20,
        "num_iterations": 10,
        "early_stopping_round": null
    },
    {
        "objective": "regression",
        "metric": "rmse",
        "feature_pre_filter": false,
        "lambda_l1": 0.0074815844854820126,
        "lambda_l2": 7.694569441551395,
        "num_leaves": 50,
        "feature_fraction": 0.4,
        "bagging_fraction": 1.0,
        "bagging_freq": 0,
        "min_child_samples": 25,
        "num_iterations": 10,
        "early_stopping_round": null
    },
    {
        "objective": "regression",
        "metric": "rmse",
        "feature_pre_filter": false,
        "lambda_l1": 1.613652410339271,
        "lambda_l2": 0.08656166761753198,
        "num_leaves": 2,
        "feature_fraction": 0.552,
        "bagging_fraction": 0.8122758853753296,
        "bagging_freq": 7,
        "min_child_samples": 20,
        "num_iterations": 10,
        "early_stopping_round": null
    },
    {
        "objective": "regression",
        "metric": "rmse",
        "feature_pre_filter": false,
        "lambda_l1": 3.2397106025114173,
        "lambda_l2": 0.0035670115661231246,
        "num_leaves": 3,
        "feature_fraction": 0.748,
        "bagging_fraction": 0.8289720564376304,
        "bagging_freq": 1,
        "min_child_samples": 20,
        "num_iterations": 10,
        "early_stopping_round": null
    },
    {
        "objective": "regression",
        "metric": "rmse",
        "feature_pre_filter": false,
        "lambda_l1": 0.7231674525769946,
        "lambda_l2": 0.006587608297065366,
        "num_leaves": 2,
        "feature_fraction": 0.58,
        "bagging_fraction": 0.46744726700441674,
        "bagging_freq": 5,
        "min_child_samples": 20,
        "num_iterations": 10,
        "early_stopping_round": null
    },
    {
        "objective": "regression",
        "metric": "rmse",
        "feature_pre_filter": false,
        "lambda_l1": 6.788249364196951,
        "lambda_l2": 1.9654582663747137e-05,
        "num_leaves": 3,
        "feature_fraction": 0.948,
        "bagging_fraction": 0.6369771959130477,
        "bagging_freq": 6,
        "min_child_samples": 20,
        "num_iterations": 10,
        "early_stopping_round": null
    },
    {
        "objective": "regression",
        "metric": "rmse",
        "feature_pre_filter": false,
        "lambda_l1": 0.0013599809284669593,
        "lambda_l2": 0.009742183574635176,
        "num_leaves": 24,
        "feature_fraction": 0.784,
        "bagging_fraction": 1.0,
        "bagging_freq": 0,
        "min_child_samples": 20,
        "num_iterations": 10,
        "early_stopping_round": null
    },
    {
        "objective": "regression",
        "metric": "rmse",
        "feature_pre_filter": false,
        "lambda_l1": 0.0001516430857786568,
        "lambda_l2": 0.0004524431578533462,
        "num_leaves": 31,
        "feature_fraction": 0.7,
        "bagging_fraction": 1.0,
        "bagging_freq": 0,
        "min_child_samples": 20,
        "num_iterations": 10,
        "early_stopping_round": null
    },
    {
        "objective": "regression",
        "metric": "rmse",
        "feature_pre_filter": false,
        "lambda_l1": 0.0,
        "lambda_l2": 0.0,
        "num_leaves": 2,
        "feature_fraction": 0.6799999999999999,
        "bagging_fraction": 0.932062359351621,
        "bagging_freq": 6,
        "min_child_samples": 20,
        "num_iterations": 10,
        "early_stopping_round": null
    },
    {
        "objective": "regression",
        "metric": "rmse",
        "feature_pre_filter": false,
        "lambda_l1": 0.0,
        "lambda_l2": 0.0,
        "num_leaves": 2,
        "feature_fraction": 0.5479999999999999,
        "bagging_fraction": 0.4100585492778499,
        "bagging_freq": 6,
        "min_child_samples": 20,
        "num_iterations": 10,
        "early_stopping_round": null
    },
    {
        "objective": "regression",
        "metric": "rmse",
        "feature_pre_filter": false,
        "lambda_l1": 0.003454863789735951,
        "lambda_l2": 0.001376818131406047,
        "num_leaves": 49,
        "feature_fraction": 0.6,
        "bagging_fraction": 1.0,
        "bagging_freq": 0,
        "min_child_samples": 20,
        "num_iterations": 10,
        "early_stopping_round": null
    },
    {
        "objective": "regression",
        "metric": "rmse",
        "feature_pre_filter": false,
        "lambda_l1": 0.0,
        "lambda_l2": 0.0,
        "num_leaves": 2,
        "feature_fraction": 0.8999999999999999,
        "bagging_fraction": 0.4176893195147266,
        "bagging_freq": 1,
        "min_child_samples": 20,
        "num_iterations": 10,
        "early_stopping_round": null
    },
    {
        "objective": "regression",
        "metric": "rmse",
        "feature_pre_filter": false,
        "lambda_l1": 0.11050316325354717,
        "lambda_l2": 6.78255459122965e-06,
        "num_leaves": 31,
        "feature_fraction": 0.5,
        "bagging_fraction": 1.0,
        "bagging_freq": 0,
        "min_child_samples": 20,
        "num_iterations": 10,
        "early_stopping_round": null
    },
    {
        "objective": "regression",
        "metric": "rmse",
        "feature_pre_filter": false,
        "lambda_l1": 0.013008154143912208,
        "lambda_l2": 2.3227520552839917e-07,
        "num_leaves": 31,
        "feature_fraction": 0.8,
        "bagging_fraction": 0.9042935435942212,
        "bagging_freq": 1,
        "min_child_samples": 20,
        "num_iterations": 10,
        "early_stopping_round": null
    },
    {
        "objective": "regression",
        "metric": "rmse",
        "feature_pre_filter": false,
        "lambda_l1": 0.3211005349259858,
        "lambda_l2": 3.266271128620268e-07,
        "num_leaves": 11,
        "feature_fraction": 0.8999999999999999,
        "bagging_fraction": 0.7718393251197084,
        "bagging_freq": 3,
        "min_child_samples": 20,
        "num_iterations": 10,
        "early_stopping_round": null
    }
]