[
    {
        "objective": "regression",
        "metric": "rmse",
        "feature_pre_filter": false,
        "lambda_l1": 5.857743989661468,
        "lambda_l2": 9.426664112425936,
        "num_leaves": 254,
        "feature_fraction": 1.0,
        "bagging_fraction": 0.8907895580416192,
        "bagging_freq": 3,
        "min_child_samples": 20,
        "num_iterations": 200,
        "early_stopping_round": 100
    },
    {
        "objective": "regression",
        "metric": "rmse",
        "feature_pre_filter": false,
        "lambda_l1": 1.025228737434167e-06,
        "lambda_l2": 0.09814790733494062,
        "num_leaves": 255,
        "feature_fraction": 1.0,
        "bagging_fraction": 0.5679976412107443,
        "bagging_freq": 1,
        "min_child_samples": 100,
        "num_iterations": 200,
        "early_stopping_round": 100
    },
    {
        "objective": "regression",
        "metric": "rmse",
        "feature_pre_filter": false,
        "lambda_l1": 0.0680926488515977,
        "lambda_l2": 8.075508318893917,
        "num_leaves": 252,
        "feature_fraction": 1.0,
        "bagging_fraction": 0.46656170592496904,
        "bagging_freq": 3,
        "min_child_samples": 100,
        "num_iterations": 200,
        "early_stopping_round": 100
    },
    {
        "objective": "regression",
        "metric": "rmse",
        "feature_pre_filter": false,
        "lambda_l1": 0.08153775674840953,
        "lambda_l2": 0.005975382481080007,
        "num_leaves": 142,
        "feature_fraction": 0.44800000000000006,
        "bagging_fraction": 1.0,
        "bagging_freq": 0,
        "min_child_samples": 20,
        "num_iterations": 200,
        "early_stopping_round": 100
    },
    {
        "objective": "regression",
        "metric": "rmse",
        "feature_pre_filter": false,
        "lambda_l1": 1.1051929735325219,
        "lambda_l2": 0.00021528278599550752,
        "num_leaves": 255,
        "feature_fraction": 1.0,
        "bagging_fraction": 0.4056136994839447,
        "bagging_freq": 7,
        "min_child_samples": 100,
        "num_iterations": 200,
        "early_stopping_round": 100
    },
    {
        "objective": "regression",
        "metric": "rmse",
        "feature_pre_filter": false,
        "lambda_l1": 0.0007079547681118969,
        "lambda_l2": 1.1114809842636518e-08,
        "num_leaves": 254,
        "feature_fraction": 1.0,
        "bagging_fraction": 0.4243636345370632,
        "bagging_freq": 3,
        "min_child_samples": 100,
        "num_iterations": 200,
        "early_stopping_round": 100
    },
    {
        "objective": "regression",
        "metric": "rmse",
        "feature_pre_filter": false,
        "lambda_l1": 0.0,
        "lambda_l2": 0.0,
        "num_leaves": 253,
        "feature_fraction": 1.0,
        "bagging_fraction": 0.5351940790344716,
        "bagging_freq": 3,
        "min_child_samples": 100,
        "num_iterations": 200,
        "early_stopping_round": 100
    },
    {
        "objective": "regression",
        "metric": "rmse",
        "feature_pre_filter": false,
        "lambda_l1": 1.1972741254392339e-08,
        "lambda_l2": 3.2074703408847407,
        "num_leaves": 255,
        "feature_fraction": 1.0,
        "bagging_fraction": 0.4216229318787381,
        "bagging_freq": 5,
        "min_child_samples": 100,
        "num_iterations": 200,
        "early_stopping_round": 100
    },
    {
        "objective": "regression",
        "metric": "rmse",
        "feature_pre_filter": false,
        "lambda_l1": 2.2880433241215474,
        "lambda_l2": 5.469265787324723e-05,
        "num_leaves": 254,
        "feature_fraction": 0.9840000000000001,
        "bagging_fraction": 1.0,
        "bagging_freq": 0,
        "min_child_samples": 25,
        "num_iterations": 200,
        "early_stopping_round": 100
    },
    {
        "objective": "regression",
        "metric": "rmse",
        "feature_pre_filter": false,
        "lambda_l1": 1.8244868841666146e-08,
        "lambda_l2": 1.6434964837520707,
        "num_leaves": 255,
        "feature_fraction": 0.9840000000000001,
        "bagging_fraction": 0.4203316556593226,
        "bagging_freq": 1,
        "min_child_samples": 100,
        "num_iterations": 200,
        "early_stopping_round": 100
    },
    {
        "objective": "regression",
        "metric": "rmse",
        "feature_pre_filter": false,
        "lambda_l1": 0.0016286730059013065,
        "lambda_l2": 5.687971076721769,
        "num_leaves": 256,
        "feature_fraction": 1.0,
        "bagging_fraction": 0.4265206226746354,
        "bagging_freq": 2,
        "min_child_samples": 100,
        "num_iterations": 200,
        "early_stopping_round": 100
    },
    {
        "objective": "regression",
        "metric": "rmse",
        "feature_pre_filter": false,
        "lambda_l1": 6.0232129490673,
        "lambda_l2": 0.04600191064969294,
        "num_leaves": 249,
        "feature_fraction": 0.9799999999999999,
        "bagging_fraction": 1.0,
        "bagging_freq": 0,
        "min_child_samples": 10,
        "num_iterations": 200,
        "early_stopping_round": 100
    },
    {
        "objective": "regression",
        "metric": "rmse",
        "feature_pre_filter": false,
        "lambda_l1": 0.0009970301373211736,
        "lambda_l2": 9.5204761934684,
        "num_leaves": 256,
        "feature_fraction": 1.0,
        "bagging_fraction": 0.452313069781809,
        "bagging_freq": 3,
        "min_child_samples": 100,
        "num_iterations": 200,
        "early_stopping_round": 100
    },
    {
        "objective": "regression",
        "metric": "rmse",
        "feature_pre_filter": false,
        "lambda_l1": 0.0006666260581776114,
        "lambda_l2": 0.12318298702024219,
        "num_leaves": 252,
        "feature_fraction": 1.0,
        "bagging_fraction": 0.5359960628370066,
        "bagging_freq": 1,
        "min_child_samples": 100,
        "num_iterations": 200,
        "early_stopping_round": 100
    },
    {
        "objective": "regression",
        "metric": "rmse",
        "feature_pre_filter": false,
        "lambda_l1": 2.890968905138215,
        "lambda_l2": 9.165713798498118,
        "num_leaves": 254,
        "feature_fraction": 1.0,
        "bagging_fraction": 1.0,
        "bagging_freq": 0,
        "min_child_samples": 25,
        "num_iterations": 200,
        "early_stopping_round": 100
    }
]